[{"id":"22","bt":"罗帅驿站","ctid":"25","pageurl":"/sitefiles/hnly_zh/html/meijing/feichanggui/22","image":"/hnlycms/sitefiles/img/hnly_zh/meijing/feichanggui/15141668842984653.png","kg":"236*185"},{"id":"28","bt":"盐丁村","ctid":"31","pageurl":"/sitefiles/hnly_zh/html/meijing/feichanggui/28","image":"/hnlycms/sitefiles/img/hnly_zh/meijing/feichanggui/14787682875154497.jpg","kg":"236*316"},{"id":"29","bt":"南丽湖","ctid":"33","pageurl":"/sitefiles/hnly_zh/html/meijing/feichanggui/29","image":"/hnlycms/sitefiles/img/hnly_zh/meijing/feichanggui/14791151918381033.jpg","kg":"236*384"},{"id":"32","bt":"海口南港","ctid":"16","pageurl":"/sitefiles/hnly_zh/html/meijing/feichanggui/32","image":"/hnlycms/sitefiles/img/hnly_zh/meijing/feichanggui/14791125442555693.jpg","kg":"236*237"},{"id":"35","bt":"海口湾","ctid":"16","pageurl":"/sitefiles/hnly_zh/html/meijing/feichanggui/35","image":"/hnlycms/sitefiles/img/hnly_zh/meijing/feichanggui/15126339290928062.jpg","kg":"236*280"},{"id":"36","bt":"世纪大桥","ctid":"16","pageurl":"/sitefiles/hnly_zh/html/meijing/feichanggui/36","image":"/hnlycms/sitefiles/img/hnly_zh/meijing/feichanggui/15126339739051295.jpg","kg":"236*280"},{"id":"39","bt":"羊山湿地","ctid":"16","pageurl":"/sitefiles/hnly_zh/html/meijing/feichanggui/39","image":"/hnlycms/sitefiles/img/hnly_zh/meijing/feichanggui/14791187655391812.jpg","kg":"236*313"},{"id":"43","bt":"邻昌礁","ctid":"30","pageurl":"/sitefiles/hnly_zh/html/meijing/feichanggui/43","image":"/hnlycms/sitefiles/img/hnly_zh/meijing/feichanggui/14791192929292598.jpg","kg":"236*241"},{"id":"44","bt":"陵水角","ctid":"32","pageurl":"/sitefiles/hnly_zh/html/meijing/feichanggui/44","image":"/hnlycms/sitefiles/img/hnly_zh/meijing/feichanggui/14791194170272626.jpg","kg":"236*301"},{"id":"33","bt":"海尾湿地公园","ctid":"27","pageurl":"/sitefiles/hnly_zh/html/meijing/feichanggui/33","image":"/hnlycms/sitefiles/img/hnly_zh/meijing/changgui/14787702843508666.jpg","kg":"236*319"},{"id":"48","bt":"疍家鱼排","ctid":"32","pageurl":"/sitefiles/hnly_zh/html/meijing/feichanggui/48","image":"/hnlycms/sitefiles/img/hnly_zh/meijing/feichanggui/148697037708231.jpg","kg":"236*344"},{"id":"34","bt":"棋子湾旅游度假区","ctid":"27","pageurl":"/sitefiles/hnly_zh/html/meijing/feichanggui/34","image":"/hnlycms/sitefiles/img/hnly_zh/meijing/changgui/15138439186409397.jpg","kg":"236*225"},{"id":"51","bt":"海的故事","ctid":"20","pageurl":"/sitefiles/hnly_zh/html/meijing/feichanggui/51","image":"/hnlycms/sitefiles/img/hnly_zh/meijing/feichanggui/15126342979564695.jpg","kg":"236*280"},{"id":"37","bt":"富力红树湾湿地公园","ctid":"36","pageurl":"/sitefiles/hnly_zh/html/meijing/feichanggui/37","image":"/hnlycms/sitefiles/img/hnly_zh/meijing/changgui/15126312921356641.jpg","kg":"236*280"},{"id":"53","bt":"红石滩","ctid":"20","pageurl":"/sitefiles/hnly_zh/html/meijing/feichanggui/53","image":"/hnlycms/sitefiles/img/hnly_zh/meijing/feichanggui/14787739190062679.jpg","kg":"236*263"},{"id":"54","bt":"牛路岭水库","ctid":"20","pageurl":"/sitefiles/hnly_zh/html/meijing/feichanggui/54","image":"/hnlycms/sitefiles/img/hnly_zh/meijing/feichanggui/14791196723226388.jpg","kg":"236*337"},{"id":"42","bt":"五指山红峡谷文化旅游风景区·红峡谷漂流","ctid":"19","pageurl":"/sitefiles/hnly_zh/html/meijing/feichanggui/42","image":"/hnlycms/sitefiles/img/hnly_zh/meijing/changgui/14787715115543847.jpg","kg":"236*300"},{"id":"58","bt":"石片沟","ctid":"20","pageurl":"/sitefiles/hnly_zh/html/meijing/feichanggui/58","image":"/hnlycms/sitefiles/img/hnly_zh/meijing/feichanggui/14787749628366021.jpg","kg":"236*238"},{"id":"50","bt":"五指山自然保护区","ctid":"19","pageurl":"/sitefiles/hnly_zh/html/meijing/feichanggui/50","image":"/hnlycms/sitefiles/img/hnly_zh/meijing/changgui/15126314205112263.jpg","kg":"236*280"},{"id":"60","bt":"潭门渔港","ctid":"20","pageurl":"/sitefiles/hnly_zh/html/meijing/feichanggui/60","image":"/hnlycms/sitefiles/img/hnly_zh/meijing/feichanggui/1512634349246864.jpg","kg":"236*280"},{"id":"45","bt":"侯臣咖啡文化村","ctid":"36","pageurl":"/sitefiles/hnly_zh/html/meijing/feichanggui/45","image":"/hnlycms/sitefiles/img/hnly_zh/meijing/changgui/14787723842132347.jpg","kg":"236*243"},{"id":"62","bt":"乘坡河石臼群","ctid":"29","pageurl":"/sitefiles/hnly_zh/html/meijing/feichanggui/62","image":"/hnlycms/sitefiles/img/hnly_zh/meijing/feichanggui/14791210694768887.jpg","kg":"236*277"},{"id":"64","bt":"七连屿","ctid":"35","pageurl":"/sitefiles/hnly_zh/html/meijing/feichanggui/64","image":"/hnlycms/sitefiles/img/hnly_zh/meijing/feichanggui/1482411546587562.jpg","kg":"236*250"},{"id":"47","bt":"美榔双塔","ctid":"36","pageurl":"/sitefiles/hnly_zh/html/meijing/feichanggui/47","image":"/hnlycms/sitefiles/img/hnly_zh/meijing/changgui/1478772742608199.jpg","kg":"236*243"},{"id":"65","bt":"牙胡梯田","ctid":"19","pageurl":"/sitefiles/hnly_zh/html/meijing/feichanggui/65","image":"/hnlycms/sitefiles/img/hnly_zh/meijing/feichanggui/15126344257115342.jpg","kg":"236*280"},{"id":"67","bt":"木兰灯塔","ctid":"21","pageurl":"/sitefiles/hnly_zh/html/meijing/feichanggui/67","image":"/hnlycms/sitefiles/img/hnly_zh/meijing/feichanggui/14787772304728870.jpg","kg":"236*313"},{"id":"69","bt":"铺前老街","ctid":"21","pageurl":"/sitefiles/hnly_zh/html/meijing/feichanggui/69","image":"/hnlycms/sitefiles/img/hnly_zh/meijing/feichanggui/15196960292707186.jpg","kg":"236*344"},{"id":"55","bt":"千年古盐田","ctid":"31","pageurl":"/sitefiles/hnly_zh/html/meijing/feichanggui/55","image":"/hnlycms/sitefiles/img/hnly_zh/meijing/changgui/14787742113049769.jpg","kg":"236*194"},{"id":"72","bt":"石头公园","ctid":"21","pageurl":"/sitefiles/hnly_zh/html/meijing/feichanggui/72","image":"/hnlycms/sitefiles/img/hnly_zh/meijing/feichanggui/1512634495270106.jpg","kg":"236*280"},{"id":"56","bt":"松涛天湖风景区","ctid":"31","pageurl":"/sitefiles/hnly_zh/html/meijing/feichanggui/56","image":"/hnlycms/sitefiles/img/hnly_zh/meijing/changgui/15138379557746218.jpg","kg":"236*185"},{"id":"75","bt":"铜鼓大佛","ctid":"21","pageurl":"/sitefiles/hnly_zh/html/meijing/feichanggui/75","image":"/hnlycms/sitefiles/img/hnly_zh/meijing/feichanggui/14787784813772051.jpg","kg":"236*231"},{"id":"59","bt":"海南文昌航天城","ctid":"21","pageurl":"/sitefiles/hnly_zh/html/meijing/feichanggui/59","image":"/hnlycms/sitefiles/img/hnly_zh/meijing/changgui/14787752780045330.jpg","kg":"236*300"},{"id":"81","bt":"木色湖","ctid":"37","pageurl":"/sitefiles/hnly_zh/html/meijing/feichanggui/81","image":"/hnlycms/sitefiles/img/hnly_zh/meijing/feichanggui/14787790160994882.jpg","kg":"236*195"},{"id":"86","bt":"虎头湾","ctid":"17","pageurl":"/sitefiles/hnly_zh/html/meijing/feichanggui/86","image":"/hnlycms/sitefiles/img/hnly_zh/meijing/feichanggui/14787794601077147.jpg","kg":"236*235"},{"id":"89","bt":"太阳湾","ctid":"17","pageurl":"/sitefiles/hnly_zh/html/meijing/feichanggui/89","image":"/hnlycms/sitefiles/img/hnly_zh/meijing/feichanggui/14791214389474529.jpg","kg":"236*315"},{"id":"91","bt":"椰子岛","ctid":"17","pageurl":"/sitefiles/hnly_zh/html/meijing/feichanggui/91","image":"/hnlycms/sitefiles/img/hnly_zh/meijing/feichanggui/14787800622684044.jpg","kg":"236*168"},{"id":"98","bt":"春园湾","ctid":"22","pageurl":"/sitefiles/hnly_zh/html/meijing/feichanggui/98","image":"/hnlycms/sitefiles/img/hnly_zh/meijing/feichanggui/14788334077753731.jpg","kg":"236*299"},{"id":"68","bt":"南洋风情街","ctid":"21","pageurl":"/sitefiles/hnly_zh/html/meijing/feichanggui/68","image":"/hnlycms/sitefiles/img/hnly_zh/meijing/changgui/15126320724034450.jpg","kg":"236*280"},{"id":"99","bt":"大花角","ctid":"22","pageurl":"/sitefiles/hnly_zh/html/meijing/feichanggui/99","image":"/hnlycms/sitefiles/img/hnly_zh/meijing/feichanggui/14788371971246406.jpg","kg":"236*227"},{"id":"70","bt":"大广坝水库","ctid":"26","pageurl":"/sitefiles/hnly_zh/html/meijing/feichanggui/70","image":"/hnlycms/sitefiles/img/hnly_zh/meijing/changgui/14787774085625006.jpg","kg":"236*356"},{"id":"71","bt":"大田坡鹿保护区","ctid":"26","pageurl":"/sitefiles/hnly_zh/html/meijing/feichanggui/71","image":"/hnlycms/sitefiles/img/hnly_zh/meijing/changgui/15012292689768585.jpg","kg":"236*344"},{"id":"104","bt":"山钦湾","ctid":"22","pageurl":"/sitefiles/hnly_zh/html/meijing/feichanggui/104","image":"/hnlycms/sitefiles/img/hnly_zh/meijing/feichanggui/14788379763648505.jpg","kg":"236*222"},{"id":"73","bt":"俄娘九峰山","ctid":"26","pageurl":"/sitefiles/hnly_zh/html/meijing/feichanggui/73","image":"/hnlycms/sitefiles/img/hnly_zh/meijing/changgui/15012264975598196.jpg","kg":"236*344"},{"id":"74","bt":"宋氏祖居","ctid":"21","pageurl":"/sitefiles/hnly_zh/html/meijing/feichanggui/74","image":"/hnlycms/sitefiles/img/hnly_zh/meijing/changgui/15126322726332781.jpg","kg":"236*280"},{"id":"76","bt":"鱼鳞洲风景区","ctid":"26","pageurl":"/sitefiles/hnly_zh/html/meijing/feichanggui/76","image":"/hnlycms/sitefiles/img/hnly_zh/meijing/changgui/14787784932172488.jpg","kg":"236*256"},{"id":"77","bt":"铜鼓岭","ctid":"21","pageurl":"/sitefiles/hnly_zh/html/meijing/feichanggui/77","image":"/hnlycms/sitefiles/img/hnly_zh/meijing/changgui/14787785498619593.jpg","kg":"236*300"},{"id":"84","bt":"神州半岛","ctid":"22","pageurl":"/sitefiles/hnly_zh/html/meijing/feichanggui/84","image":"/hnlycms/sitefiles/img/hnly_zh/meijing/changgui/14787792069652822.jpg","kg":"236*300"},{"id":"92","bt":"日月湾","ctid":"22","pageurl":"/sitefiles/hnly_zh/html/meijing/feichanggui/92","image":"/hnlycms/sitefiles/img/hnly_zh/meijing/changgui/14787800909561609.jpg","kg":"236*300"},{"id":"101","bt":"白沙河谷本土文化园","ctid":"23","pageurl":"/sitefiles/hnly_zh/html/meijing/feichanggui/101","image":"/hnlycms/sitefiles/img/hnly_zh/meijing/changgui/14788377367453385.jpg","kg":"236*273"},{"id":"20","bt":"白沙陨石坑","ctid":"25","pageurl":"/sitefiles/hnly_zh/html/meijing/feichanggui/20","image":"/hnlycms/sitefiles/img/hnly_zh/meijing/changgui/15125248798611442.jpg","kg":"236*300"},{"id":"103","bt":"尖峰岭国家森林公园","ctid":"23","pageurl":"/sitefiles/hnly_zh/html/meijing/feichanggui/103","image":"/hnlycms/sitefiles/img/hnly_zh/meijing/changgui/14788380867037877.jpg","kg":"236*207"},{"id":"21","bt":"九架岭","ctid":"25","pageurl":"/sitefiles/hnly_zh/html/meijing/feichanggui/21","image":"/hnlycms/sitefiles/img/hnly_zh/meijing/changgui/1512632394224273.jpg","kg":"236*280"},{"id":"105","bt":"莺歌海盐场","ctid":"23","pageurl":"/sitefiles/hnly_zh/html/meijing/feichanggui/105","image":"/hnlycms/sitefiles/img/hnly_zh/meijing/changgui/1478838389422501.jpg","kg":"236*279"},{"id":"106","bt":"临高角","ctid":"30","pageurl":"/sitefiles/hnly_zh/html/meijing/feichanggui/106","image":"/hnlycms/sitefiles/img/hnly_zh/meijing/changgui/15138404738374335.jpg","kg":"236*185"},{"id":"107","bt":"吊罗山国家森林公园","ctid":"32","pageurl":"/sitefiles/hnly_zh/html/meijing/feichanggui/107","image":"/hnlycms/sitefiles/img/hnly_zh/meijing/changgui/14788396860189101.jpg","kg":"236*233"},{"id":"2813","bt":"海南省博物馆","ctid":"16","pageurl":"/sitefiles/hnly_zh/html/meijing/feichanggui/2813","image":"/hnlycms/sitefiles/img/hnly_zh/meijing/changgui/15125231551075120.jpg","kg":"236*250"},{"id":"109","bt":"兴隆热带花园","ctid":"22","pageurl":"/sitefiles/hnly_zh/html/meijing/feichanggui/109","image":"/hnlycms/sitefiles/img/hnly_zh/meijing/changgui/1478840356263178.jpg","kg":"236*300"},{"id":"112","bt":"苏维埃旧址","ctid":"32","pageurl":"/sitefiles/hnly_zh/html/meijing/feichanggui/112","image":"/hnlycms/sitefiles/img/hnly_zh/meijing/changgui/14788408123765784.jpg","kg":"236*203"},{"id":"115","bt":"枫木鹿场","ctid":"37","pageurl":"/sitefiles/hnly_zh/html/meijing/feichanggui/115","image":"/hnlycms/sitefiles/img/hnly_zh/meijing/changgui/14788411158751434.jpg","kg":"236*300"},{"id":"38","bt":"大峡谷漂流","ctid":"19","pageurl":"/sitefiles/hnly_zh/html/meijing/feichanggui/38","image":"/hnlycms/sitefiles/img/hnly_zh/meijing/changgui/14787710517082888.jpg","kg":"236*300"},{"id":"118","bt":"卧龙山","ctid":"37","pageurl":"/sitefiles/hnly_zh/html/meijing/feichanggui/118","image":"/hnlycms/sitefiles/img/hnly_zh/meijing/changgui/14788419907146353.jpg","kg":"236*300"},{"id":"2904","bt":"海南京润珍珠博物馆","ctid":"17","pageurl":"/sitefiles/hnly_zh/html/meijing/feichanggui/2904","image":"/hnlycms/sitefiles/img/hnly_zh/meijing/feichanggui/15196368497673636.jpg","kg":"236*320"},{"id":"121","bt":"海南海鼎百花岭雨林文化旅游区","ctid":"29","pageurl":"/sitefiles/hnly_zh/html/meijing/feichanggui/121","image":"/hnlycms/sitefiles/img/hnly_zh/meijing/changgui/14788433174584515.jpg","kg":"236*351"},{"id":"123","bt":"黎母山国家森林公园","ctid":"29","pageurl":"/sitefiles/hnly_zh/html/meijing/feichanggui/123","image":"/hnlycms/sitefiles/img/hnly_zh/meijing/changgui/14788438121044672.jpg","kg":"236*323"},{"id":"124","bt":"全富岛","ctid":"35","pageurl":"/sitefiles/hnly_zh/html/meijing/feichanggui/124","image":"/hnlycms/sitefiles/img/hnly_zh/meijing/changgui/14788438973927928.jpg","kg":"236*300"},{"id":"126","bt":"玉带滩","ctid":"20","pageurl":"/sitefiles/hnly_zh/html/meijing/feichanggui/126","image":"/hnlycms/sitefiles/img/hnly_zh/meijing/changgui/15126325829928438.jpg","kg":"236*280"},{"id":"127","bt":"鸭公岛","ctid":"35","pageurl":"/sitefiles/hnly_zh/html/meijing/feichanggui/127","image":"/hnlycms/sitefiles/img/hnly_zh/meijing/changgui/14788444624593823.jpg","kg":"236*300"},{"id":"128","bt":"永兴岛","ctid":"35","pageurl":"/sitefiles/hnly_zh/html/meijing/feichanggui/128","image":"/hnlycms/sitefiles/img/hnly_zh/meijing/changgui/1478844587836310.jpg","kg":"236*346"},{"id":"129","bt":"银屿岛","ctid":"35","pageurl":"/sitefiles/hnly_zh/html/meijing/feichanggui/129","image":"/hnlycms/sitefiles/img/hnly_zh/meijing/changgui/14869560256339020.jpg","kg":"236*344"},{"id":"140","bt":"千古情","ctid":"17","pageurl":"/sitefiles/hnly_zh/html/meijing/feichanggui/140","image":"/hnlycms/sitefiles/img/hnly_zh/meijing/changgui/14788460087479029.jpg","kg":"236*300"},{"id":"141","bt":"崖州古城","ctid":"17","pageurl":"/sitefiles/hnly_zh/html/meijing/feichanggui/141","image":"/hnlycms/sitefiles/img/hnly_zh/meijing/feichanggui/15215090760902376.jpg","kg":"236*156"},{"id":"285","bt":"龙门冷泉湿地公园","ctid":"33","pageurl":"/sitefiles/hnly_zh/html/meijing/feichanggui/285","image":"/hnlycms/sitefiles/img/hnly_zh/meijing/changgui/14906001237004849.jpg","kg":"236*344"},{"id":"286","bt":"母瑞山革命根据地纪念园","ctid":"33","pageurl":"/sitefiles/hnly_zh/html/meijing/feichanggui/286","image":"/hnlycms/sitefiles/img/hnly_zh/meijing/changgui/14822266960896595.jpg","kg":"236*394"},{"id":"288","bt":"钟楼","ctid":"16","pageurl":"/sitefiles/hnly_zh/html/meijing/feichanggui/288","image":"/hnlycms/sitefiles/img/hnly_zh/meijing/changgui/15124673968557703.jpg","kg":"236*200"},{"id":"305","bt":"凤凰岛旅游区","ctid":"17","pageurl":"/sitefiles/hnly_zh/html/meijing/feichanggui/305","image":"/hnlycms/sitefiles/img/hnly_zh/meijing/changgui/14825903420195707.jpg","kg":"236*250"},{"id":"312","bt":"石梅湾","ctid":"22","pageurl":"/sitefiles/hnly_zh/html/meijing/feichanggui/312","image":"/hnlycms/sitefiles/img/hnly_zh/meijing/changgui/14822409942494662.jpg","kg":"236*360"},{"id":"313","bt":"东郊椰林","ctid":"21","pageurl":"/sitefiles/hnly_zh/html/meijing/feichanggui/313","image":"/hnlycms/sitefiles/img/hnly_zh/meijing/changgui/15126327980931830.jpg","kg":"236*280"},{"id":"31","bt":"霸王岭国家森林公园","ctid":"27","pageurl":"/sitefiles/hnly_zh/html/meijing/feichanggui/31","image":"/hnlycms/sitefiles/img/hnly_zh/meijing/changgui/14788303842468594.jpg","kg":"236*225"},{"id":"359","bt":"月亮湾","ctid":"21","pageurl":"/sitefiles/hnly_zh/html/meijing/feichanggui/359","image":"/hnlycms/sitefiles/img/hnly_zh/meijing/changgui/14827329125002469.jpg","kg":"232*300"},{"id":"137","bt":"亚龙湾国家旅游度假区","ctid":"17","pageurl":"/sitefiles/hnly_zh/html/meijing/feichanggui/137","image":"/hnlycms/sitefiles/img/hnly_zh/meijing/changgui/14788459929102752.jpg","kg":"236*237"},{"id":"2410","bt":"红坎瀑布","ctid":"25","pageurl":"/sitefiles/hnly_zh/html/meijing/feichanggui/2410","image":"/hnlycms/sitefiles/img/hnly_zh/meijing/changgui/15138470326248765.jpg","kg":"236*300"},{"id":"2411","bt":"老周三村","ctid":"25","pageurl":"/sitefiles/hnly_zh/html/meijing/feichanggui/2411","image":"/hnlycms/sitefiles/img/hnly_zh/meijing/changgui/15126331288111155.jpg","kg":"236*280"},{"id":"2412","bt":"江排水域","ctid":"25","pageurl":"/sitefiles/hnly_zh/html/meijing/feichanggui/2412","image":"/hnlycms/sitefiles/img/hnly_zh/meijing/changgui/15138464236768233.jpg","kg":"236*225"},{"id":"2413","bt":"布隆赛乡村文化旅游区","ctid":"34","pageurl":"/sitefiles/hnly_zh/html/meijing/feichanggui/2413","image":"/hnlycms/sitefiles/img/hnly_zh/meijing/changgui/1489550071290670.jpg","kg":"232*360"},{"id":"2414","bt":"神玉岛文化旅游度假区","ctid":"34","pageurl":"/sitefiles/hnly_zh/html/meijing/feichanggui/2414","image":"/hnlycms/sitefiles/img/hnly_zh/meijing/changgui/15138393387735708.jpg","kg":"236*300"},{"id":"2416","bt":"澄迈红坎岭陶艺园","ctid":"36","pageurl":"/sitefiles/hnly_zh/html/meijing/feichanggui/2416","image":"/hnlycms/sitefiles/img/hnly_zh/meijing/changgui/14895516310425030.jpg","kg":"232*360"},{"id":"2417","bt":"百里百村","ctid":"33","pageurl":"/sitefiles/hnly_zh/html/meijing/feichanggui/2417","image":"/hnlycms/sitefiles/img/hnly_zh/meijing/changgui/14895588015046112.jpg","kg":"232*360"},{"id":"2418","bt":"久温塘火山冷泉","ctid":"33","pageurl":"/sitefiles/hnly_zh/html/meijing/feichanggui/2418","image":"/hnlycms/sitefiles/img/hnly_zh/meijing/changgui/14895591465696277.jpg","kg":"232*360"},{"id":"2420","bt":"翰林森林氧吧乡村公园","ctid":"33","pageurl":"/sitefiles/hnly_zh/html/meijing/feichanggui/2420","image":"/hnlycms/sitefiles/img/hnly_zh/meijing/changgui/1489559690091718.jpg","kg":"232*360"},{"id":"2421","bt":"昌江皇帝洞","ctid":"27","pageurl":"/sitefiles/hnly_zh/html/meijing/feichanggui/2421","image":"/hnlycms/sitefiles/img/hnly_zh/meijing/changgui/14895600696278347.jpg","kg":"232*360"},{"id":"2422","bt":"峻灵王庙","ctid":"27","pageurl":"/sitefiles/hnly_zh/html/meijing/feichanggui/2422","image":"/hnlycms/sitefiles/img/hnly_zh/meijing/changgui/1489560748367686.jpg","kg":"232*360"},{"id":"2423","bt":"张云逸纪念馆","ctid":"21","pageurl":"/sitefiles/hnly_zh/html/meijing/feichanggui/2423","image":"/hnlycms/sitefiles/img/hnly_zh/meijing/changgui/1489646694382222.jpg","kg":"232*360"},{"id":"2424","bt":"特色民宅","ctid":"21","pageurl":"/sitefiles/hnly_zh/html/meijing/feichanggui/2424","image":"/hnlycms/sitefiles/img/hnly_zh/meijing/changgui/14896471179618240.jpg","kg":"232*360"},{"id":"2425","bt":"鹦哥岭森林旅游区","ctid":"29","pageurl":"/sitefiles/hnly_zh/html/meijing/feichanggui/2425","image":"/hnlycms/sitefiles/img/hnly_zh/meijing/changgui/14896478088123957.jpg","kg":"232*360"},{"id":"2426","bt":"红岭水库环湖旅游度假区","ctid":"29","pageurl":"/sitefiles/hnly_zh/html/meijing/feichanggui/2426","image":"/hnlycms/sitefiles/img/hnly_zh/meijing/changgui/14896481165184195.jpg","kg":"232*360"},{"id":"2428","bt":"西昌银岭山洞探险旅游区","ctid":"37","pageurl":"/sitefiles/hnly_zh/html/meijing/feichanggui/2428","image":"/hnlycms/sitefiles/img/hnly_zh/meijing/changgui/14896487496301371.jpg","kg":"232*360"},{"id":"2429","bt":"羊角岭天池旅游区","ctid":"37","pageurl":"/sitefiles/hnly_zh/html/meijing/feichanggui/2429","image":"/hnlycms/sitefiles/img/hnly_zh/meijing/changgui/14896490669006081..jpg","kg":"232*360"},{"id":"134","bt":"海棠湾","ctid":"17","pageurl":"/sitefiles/hnly_zh/html/meijing/feichanggui/134","image":"/hnlycms/sitefiles/img/hnly_zh/meijing/feichanggui/15196318813428126.jpg","kg":"236*344"},{"id":"96","bt":"万绿园","ctid":"16","pageurl":"/sitefiles/hnly_zh/html/meijing/feichanggui/96","image":"/hnlycms/sitefiles/img/hnly_zh/meijing/changgui/15126333410526157.jpg","kg":"236*344"},{"id":"85","bt":"冯小刚电影公社","ctid":"16","pageurl":"/sitefiles/hnly_zh/html/meijing/feichanggui/85","image":"/hnlycms/sitefiles/img/hnly_zh/meijing/changgui/1512633626095426.jpg","kg":"236*280"},{"id":"83","bt":"东寨港红树林自然保护区","ctid":"16","pageurl":"/sitefiles/hnly_zh/html/meijing/feichanggui/83","image":"/hnlycms/sitefiles/img/hnly_zh/meijing/changgui/15138372913649326.png","kg":"236*185"},{"id":"2863","bt":"居仁瀑布","ctid":"30","pageurl":"/sitefiles/hnly_zh/html/meijing/feichanggui/2863","image":"/hnlycms/sitefiles/img/hnly_zh/meijing/changgui/15138414651489999.jpg","kg":"236*185"},{"id":"2922","bt":"海螺姑娘创意文化园","ctid":"17","pageurl":"/sitefiles/hnly_zh/html/meijing/feichanggui/2922","image":"/hnlycms/sitefiles/img/hnly_zh/meijing/feichanggui/15342377022583812.jpg","kg":"236*340"},{"id":"2932","bt":"亚龙湾爱立方滨海乐园","ctid":"17","pageurl":"/sitefiles/hnly_zh/html/meijing/feichanggui/2932","image":"/hnlycms/sitefiles/img/hnly_zh/meijing/feichanggui/15439148355559750.jpg","kg":"236*181"},{"id":"2933","bt":"兴隆热带药用植物园","ctid":"22","pageurl":"/sitefiles/hnly_zh/html/meijing/feichanggui/2933","image":"/hnlycms/sitefiles/img/hnly_zh/meijing/feichanggui/15439153224858748.jpg","kg":"236*300"},{"id":"102","bt":"加井岛","ctid":"22","pageurl":"/sitefiles/hnly_zh/html/meijing/feichanggui/102","image":"/hnlycms/sitefiles/img/hnly_zh/meijing/feichanggui/14791217540836569.jpg","kg":"236*269"},{"id":"57","bt":"八门湾绿道","ctid":"21","pageurl":"/sitefiles/hnly_zh/html/meijing/feichanggui/57","image":"/hnlycms/sitefiles/img/hnly_zh/meijing/changgui/15012240490024474.jpg","kg":"236*344"}]