[{"id":"23","bt":"槟榔谷黎苗文化旅游区","ctid":"34","pageurl":"/sitefiles/hnly_zh/html/meijing/changgui/23","image":"/hnlycms/sitefiles/img/hnly_zh/meijing/changgui/14787619030589960.jpg","kg":"236*270"},{"id":"108","bt":"海南分界洲岛旅游区","ctid":"32","pageurl":"/sitefiles/hnly_zh/html/meijing/changgui/108","image":"/hnlycms/sitefiles/img/hnly_zh/meijing/changgui/14788400032652235.jpg","kg":"236*347"},{"id":"130","bt":"大小洞天旅游区","ctid":"17","pageurl":"/sitefiles/hnly_zh/html/meijing/changgui/130","image":"/hnlycms/sitefiles/img/hnly_zh/meijing/changgui/15268718533991472.jpg","kg":"236*344"},{"id":"133","bt":"南山文化旅游区","ctid":"17","pageurl":"/sitefiles/hnly_zh/html/meijing/changgui/133","image":"/hnlycms/sitefiles/img/hnly_zh/meijing/changgui/14788456485914828.jpg","kg":"236*300"},{"id":"132","bt":"蜈支洲岛旅游区","ctid":"17","pageurl":"/sitefiles/hnly_zh/html/meijing/changgui/132","image":"/hnlycms/sitefiles/img/hnly_zh/meijing/changgui/14788454977085662.jpg","kg":"236*351"},{"id":"24","bt":"七仙岭温泉国家森林公园","ctid":"34","pageurl":"/sitefiles/hnly_zh/html/meijing/changgui/24","image":"/hnlycms/sitefiles/img/hnly_zh/meijing/changgui/15126308779284341.jpg","kg":"236*280"},{"id":"66","bt":"海南文笔峰盘古文化旅游区","ctid":"33","pageurl":"/sitefiles/hnly_zh/html/meijing/changgui/66","image":"/hnlycms/sitefiles/img/hnly_zh/meijing/changgui/1478777007704281.jpg","kg":"236*310"},{"id":"88","bt":"海口观澜湖旅游度假区","ctid":"16","pageurl":"/sitefiles/hnly_zh/html/meijing/changgui/88","image":"/hnlycms/sitefiles/img/hnly_zh/meijing/changgui/15126335046289612.jpg","kg":"236*280"},{"id":"90","bt":"假日海滩旅游区","ctid":"16","pageurl":"/sitefiles/hnly_zh/html/meijing/changgui/90","image":"/hnlycms/sitefiles/img/hnly_zh/meijing/changgui/14823980152534072.jpg","kg":"236*300"},{"id":"93","bt":"中国雷琼海口火山群世界地质公园","ctid":"16","pageurl":"/sitefiles/hnly_zh/html/meijing/changgui/93","image":"/hnlycms/sitefiles/img/hnly_zh/meijing/changgui/1513829570113815.jpg","kg":"236*185"},{"id":"110","bt":"南湾猴岛生态旅游区","ctid":"32","pageurl":"/sitefiles/hnly_zh/html/meijing/changgui/110","image":"/hnlycms/sitefiles/img/hnly_zh/meijing/changgui/14788403674177466.jpg","kg":"236*279"},{"id":"119","bt":"博鳌亚洲论坛永久会址景区","ctid":"20","pageurl":"/sitefiles/hnly_zh/html/meijing/changgui/119","image":"/hnlycms/sitefiles/img/hnly_zh/meijing/changgui/14788426162067989.jpg","kg":"236*314"},{"id":"135","bt":"三亚大东海旅游区","ctid":"17","pageurl":"/sitefiles/hnly_zh/html/meijing/changgui/135","image":"/hnlycms/sitefiles/img/hnly_zh/meijing/changgui/14788457065266575.jpg","kg":"236*330"},{"id":"136","bt":"三亚西岛海洋文化旅游区","ctid":"17","pageurl":"/sitefiles/hnly_zh/html/meijing/changgui/136","image":"/hnlycms/sitefiles/img/hnly_zh/meijing/changgui/14788456719507183.jpg","kg":"236*229"},{"id":"142","bt":"天涯海角游览区","ctid":"17","pageurl":"/sitefiles/hnly_zh/html/meijing/changgui/142","image":"/hnlycms/sitefiles/img/hnly_zh/meijing/changgui/14788462669678564.jpg","kg":"236*300"},{"id":"143","bt":"亚龙湾热带天堂森林旅游区","ctid":"17","pageurl":"/sitefiles/hnly_zh/html/meijing/changgui/143","image":"/hnlycms/sitefiles/img/hnly_zh/meijing/changgui/14788463462938326.jpg","kg":"236*274"},{"id":"2849","bt":"清水湾旅游区","ctid":"32","pageurl":"/sitefiles/hnly_zh/html/meijing/changgui/2849","image":"/hnlycms/sitefiles/img/hnly_zh/meijing/changgui/15133113520308256.jpg","kg":"236*250"},{"id":"82","bt":"海南东山岭文化旅游区","ctid":"22","pageurl":"/sitefiles/hnly_zh/html/meijing/changgui/82","image":"/hnlycms/sitefiles/img/hnly_zh/meijing/changgui/15126323057729092.jpg","kg":"236*280"},{"id":"113","bt":"兴隆热带植物园","ctid":"22","pageurl":"/sitefiles/hnly_zh/html/meijing/changgui/113","image":"/hnlycms/sitefiles/img/hnly_zh/meijing/changgui/14788410024165844.jpg","kg":"236*300"},{"id":"2925","bt":"三亚水稻国家公园","ctid":"17","pageurl":"/sitefiles/hnly_zh/html/meijing/changgui/2925","image":"/hnlycms/sitefiles/img/hnly_zh/meijing/changgui/1538016523093639.jpg","kg":"236*344"},{"id":"41","bt":"福山咖啡文化风情镇中心区","ctid":"36","pageurl":"/sitefiles/hnly_zh/html/meijing/changgui/41","image":"/hnlycms/sitefiles/img/hnly_zh/meijing/changgui/15126313297562452.jpg","kg":"236*280"},{"id":"2415","bt":"海南永庆文化旅游景区","ctid":"36","pageurl":"/sitefiles/hnly_zh/html/meijing/changgui/2415","image":"/hnlycms/sitefiles/img/hnly_zh/meijing/changgui/14895511845777409.jpg","kg":"232*360"},{"id":"49","bt":"东坡书院","ctid":"31","pageurl":"/sitefiles/hnly_zh/html/meijing/changgui/49","image":"/hnlycms/sitefiles/img/hnly_zh/meijing/changgui/15124561319678075.jpg","kg":"236*280"},{"id":"52","bt":"海南儋州石花水洞地质公园","ctid":"31","pageurl":"/sitefiles/hnly_zh/html/meijing/changgui/52","image":"/hnlycms/sitefiles/img/hnly_zh/meijing/changgui/14825898646166289.jpg","kg":"236*250"},{"id":"80","bt":"海口白沙门公园","ctid":"16","pageurl":"/sitefiles/hnly_zh/html/meijing/changgui/80","image":"/hnlycms/sitefiles/img/hnly_zh/meijing/changgui/14787788865726254.jpg","kg":"236*380"},{"id":"95","bt":"海口骑楼建筑历史文化街区","ctid":"16","pageurl":"/sitefiles/hnly_zh/html/meijing/changgui/95","image":"/hnlycms/sitefiles/img/hnly_zh/meijing/changgui/15123802324069442.jpg","kg":"236*344"},{"id":"2809","bt":"海口骑楼小吃风情街","ctid":"16","pageurl":"/sitefiles/hnly_zh/html/meijing/changgui/2809","image":"/hnlycms/sitefiles/img/hnly_zh/meijing/changgui/15123812483495044.jpg","kg":"236*200"},{"id":"294","bt":"海口琼洲文化风情街","ctid":"16","pageurl":"/sitefiles/hnly_zh/html/meijing/changgui/294","image":"/hnlycms/sitefiles/img/hnly_zh/meijing/changgui/14822341217643836.jpg","kg":"236*233"},{"id":"97","bt":"五公祠","ctid":"16","pageurl":"/sitefiles/hnly_zh/html/meijing/changgui/97","image":"/hnlycms/sitefiles/img/hnly_zh/meijing/changgui/14788320449786192.jpg","kg":"236*301"},{"id":"114","bt":"椰田古寨景区","ctid":"32","pageurl":"/sitefiles/hnly_zh/html/meijing/changgui/114","image":"/hnlycms/sitefiles/img/hnly_zh/meijing/changgui/14788411176221480.jpg","kg":"236*229"},{"id":"295","bt":"博鳌东方文化苑","ctid":"20","pageurl":"/sitefiles/hnly_zh/html/meijing/changgui/295","image":"/hnlycms/sitefiles/img/hnly_zh/meijing/changgui/1512632694663548.jpg","kg":"236*280"},{"id":"120","bt":"海南白石岭旅游景区","ctid":"20","pageurl":"/sitefiles/hnly_zh/html/meijing/changgui/120","image":"/hnlycms/sitefiles/img/hnly_zh/meijing/changgui/1512455154055621.jpg","kg":"236*300"},{"id":"2812","bt":"海南博鳌水城旅游景区","ctid":"20","pageurl":"/sitefiles/hnly_zh/html/meijing/changgui/2812","image":"/hnlycms/sitefiles/img/hnly_zh/meijing/changgui/15126337539525453.jpg","kg":"236*280"},{"id":"139","bt":"三亚凤凰岭海誓山盟景区","ctid":"17","pageurl":"/sitefiles/hnly_zh/html/meijing/changgui/139","image":"/hnlycms/sitefiles/img/hnly_zh/meijing/changgui/14788460056577057.jpg","kg":"236*374"},{"id":"2360","bt":"三亚兰花世界文化旅游区","ctid":"17","pageurl":"/sitefiles/hnly_zh/html/meijing/changgui/2360","image":"/hnlycms/sitefiles/img/hnly_zh/meijing/changgui/1487834493451135.jpg","kg":"236*344"},{"id":"309","bt":"亚龙湾国际玫瑰谷","ctid":"17","pageurl":"/sitefiles/hnly_zh/html/meijing/changgui/309","image":"/hnlycms/sitefiles/img/hnly_zh/meijing/changgui/1482240422911617.jpg","kg":"236*360"},{"id":"311","bt":"亚龙湾海底世界","ctid":"17","pageurl":"/sitefiles/hnly_zh/html/meijing/changgui/311","image":"/hnlycms/sitefiles/img/hnly_zh/meijing/changgui/14822406650393043.jpg","kg":"236*360"},{"id":"79","bt":"椰子大观园","ctid":"21","pageurl":"/sitefiles/hnly_zh/html/meijing/changgui/79","image":"/hnlycms/sitefiles/img/hnly_zh/meijing/changgui/14787787543159357.jpg","kg":"236*300"},{"id":"46","bt":"五指山热带雨林风景区（水满区）","ctid":"19","pageurl":"/sitefiles/hnly_zh/html/meijing/changgui/46","image":"/hnlycms/sitefiles/img/hnly_zh/meijing/changgui/15126316754572511.jpg","kg":"236*280"},{"id":"2916","bt":"海南热带植物园","ctid":"31","pageurl":"/sitefiles/hnly_zh/html/meijing/changgui/2916","image":"/hnlycms/sitefiles/img/hnly_zh/meijing/changgui/15283620763348521.png","kg":"236*344"},{"id":"61","bt":"孔庙","ctid":"21","pageurl":"/sitefiles/hnly_zh/html/meijing/changgui/61","image":"/hnlycms/sitefiles/img/hnly_zh/meijing/changgui/14787755863075689.jpg","kg":"236*300"},{"id":"2810","bt":"梦幻香山芳香文化园","ctid":"37","pageurl":"/sitefiles/hnly_zh/html/meijing/changgui/2810","image":"/hnlycms/sitefiles/img/hnly_zh/meijing/changgui/15123834858452989.jpg","kg":"236*185"},{"id":"284","bt":"海南农垦万嘉果热带植物园","ctid":"33","pageurl":"/sitefiles/hnly_zh/html/meijing/changgui/284","image":"/hnlycms/sitefiles/img/hnly_zh/meijing/changgui/14822248670874480.jpg","kg":"236*376"},{"id":"307","bt":"南天热带植物园","ctid":"17","pageurl":"/sitefiles/hnly_zh/html/meijing/changgui/307","image":"/hnlycms/sitefiles/img/hnly_zh/meijing/changgui/14822399974323908.jpg","kg":"236*300"},{"id":"122","bt":"红色娘子军纪念园","ctid":"20","pageurl":"/sitefiles/hnly_zh/html/meijing/changgui/122","image":"/hnlycms/sitefiles/img/hnly_zh/meijing/changgui/15126324926726834.jpg","kg":"236*280"},{"id":"63","bt":"海南热带飞禽世界","ctid":"33","pageurl":"/sitefiles/hnly_zh/html/meijing/changgui/63","image":"/hnlycms/sitefiles/img/hnly_zh/meijing/changgui/14787765962845386.jpg","kg":"236*310"},{"id":"293","bt":"海瑞墓","ctid":"16","pageurl":"/sitefiles/hnly_zh/html/meijing/changgui/293","image":"/hnlycms/sitefiles/img/hnly_zh/meijing/changgui/14822333369492892.jpg","kg":"236*367"},{"id":"125","bt":"琼海多河文化谷景区","ctid":"20","pageurl":"/sitefiles/hnly_zh/html/meijing/changgui/125","image":"/hnlycms/sitefiles/img/hnly_zh/meijing/changgui/14788439391154644.jpg","kg":"236*268"},{"id":"308","bt":"万泉湖旅游区","ctid":"20","pageurl":"/sitefiles/hnly_zh/html/meijing/changgui/308","image":"/hnlycms/sitefiles/img/hnly_zh/meijing/changgui/14822401306532170.jpg","kg":"236*298"},{"id":"2920","bt":"白沙起义纪念园","ctid":"29","pageurl":"/sitefiles/hnly_zh/html/meijing/changgui/2920","image":"/hnlycms/sitefiles/img/hnly_zh/meijing/changgui/15338085155041441.jpg","kg":"236*344"},{"id":"25","bt":"海南呀诺达雨林文化旅游区","ctid":"34","pageurl":"/sitefiles/hnly_zh/html/meijing/changgui/25","image":"/hnlycms/sitefiles/img/hnly_zh/meijing/changgui/15138391069007501.jpg","kg":"236*344"},{"id":"94","bt":"海南热带野生动植物园","ctid":"16","pageurl":"/sitefiles/hnly_zh/html/meijing/changgui/94","image":"/hnlycms/sitefiles/img/hnly_zh/meijing/changgui/15268719129769509.png","kg":"236*344"},{"id":"144","bt":"鹿回头风景区","ctid":"17","pageurl":"/sitefiles/hnly_zh/html/meijing/changgui/144","image":"/hnlycms/sitefiles/img/hnly_zh/meijing/changgui/14788465374555277.jpg","kg":"236*383"}]